total_words;total_sentences;total_syllables;complex_words;letter_count;common_words;total_different_words;different_advanced_words;flesch_reading_ease;flesch_kinkaid;gunning_fog;coleman_liau;smog_grade;automated_readibility_index;lexical_density;beyond_2000;advanced_ttr;advanced_guiraud;ttr;rttr;cttr;m;h;s;u;mwf;r;bigram_model;bigram_perplexety;a1_words;a2_words;b1_words;b2_words;c1_words;c2_words;bigram_model_reverse;bigram_perplexety_reverse;words_per_sentence;sentences_per_paragraph;simple_errors_per_word;complex_errors_per_word;level
34;1;53;5;154;27;28;17;40.448524;9.47;13.6;9.962354;15.903189;14.41;58.82352941176471;0.7941176;0.5;2.9154758;0.8235294;4.8019605;3.3954988;0.015613398;0.9449415;0.9550633;64.047554;1.2142857;4.8019605;2.9497993;2.9497993;20.0;20.0;16.0;14.0;8.0;4.0;2.2881854;2.2881854;34.0;1.0;0.0;0.0;1
33;1;51;3;155;26;28;17;42.594547;9.08;13.2;10.921211;13.023867;13.91;72.72727272727273;0.7878788;0.5151515;2.95932;0.8484849;4.8741746;3.4465618;0.013439301;0.95300937;0.9615499;74.40863;1.1785715;4.8741746;0.7756864;0.7756864;19.0;19.0;9.0;5.0;5.0;3.0;1.1187941;1.1187941;33.0;1.0;6.0;1.0;1
34;6;41;2;132;30;32;16;99.06569;-1.84;2.0;1.8047057;6.427356;-4.8;55.88235294117647;0.88235295;0.47058824;2.7439773;0.9411765;5.4879546;3.88057;0.0048752357;0.9828082;0.98623997;205.11829;1.0625;5.4879546;0.9738813;0.9738813;22.0;20.0;14.0;7.0;5.0;2.0;0.955397;0.955397;5.6666665;6.0;1.0;0.0;1
37;2;56;7;166;33;30;16;60.01425;3.23;7.2000003;8.98054;13.816669;6.41;51.35135135135135;0.8918919;0.43243244;2.6303837;0.8108108;4.9319696;3.4874291;0.01608443;0.94192046;0.9533986;62.17192;1.2333333;4.9319696;1.7493284;1.7493284;26.0;19.0;14.0;14.0;7.0;4.0;1.6618412;1.6618412;18.5;2.0;0.0;1.0;1
65;5;101;12;328;48;56;38;62.18462;1.28;5.2000003;11.594463;11.979248;8.62;60.0;0.73846155;0.5846154;4.71332;0.86153847;6.9459453;4.911525;0.0085527245;0.9642976;0.97455835;116.92181;1.1607143;6.9459453;2.0138304;2.0138304;32.0;34.0;17.0;20.0;13.0;3.0;2.396728;2.396728;13.0;5.0;2.0;0.0;1
46;3;54;3;178;36;37;25;91.958626;2.06;6.0;5.0226083;8.841846;0.2;41.30434782608695;0.7826087;0.54347825;3.686049;0.8043478;5.4553523;3.8575168;0.014853058;0.94313294;0.9563891;67.3262;1.2432432;5.4553523;0.72533196;0.72533196;30.0;24.0;13.0;12.0;3.0;5.0;0.80029076;0.80029076;15.333333;3.0;2.0;2.0;1
28;2;50;6;152;22;19;12;41.553574;1.67;5.6;14.0057125;13.023867;9.12;67.85714285714286;0.78571427;0.42857143;2.2677867;0.6785714;3.5906625;2.538982;0.034922548;0.88363093;0.8972148;28.634796;1.4736842;3.5906625;1.001189;1.001189;14.0;17.0;11.0;2.0;4.0;4.0;0.9233146;0.9233146;14.0;1.0;0.0;0.0;1
30;2;41;2;128;23;29;14;75.99;2.06;6.0;7.3146677;8.841846;4.91;60.0;0.76666665;0.46666667;2.5560386;0.96666664;5.2946515;3.7438838;0.0029305958;0.9900325;0.9918166;341.22757;1.0344827;5.2946515;1.2695162;1.2695162;15.0;19.0;9.0;8.0;7.0;2.0;0.60654926;0.60654926;15.0;2.0;1.0;0.0;1
33;2;38;0;120;23;27;15;92.66932;2.45;6.4;3.78788;3.1291;0.7;42.42424242424242;0.6969697;0.45454547;2.6111648;0.8181818;4.7000966;3.3234704;0.016414022;0.94260824;0.95278305;60.92352;1.2222222;4.7000966;1.2801176;1.2801176;17.0;18.0;12.0;7.0;6.0;7.0;0.4496147;0.4496147;16.5;2.0;5.0;0.0;1
41;3;57;4;166;32;33;16;75.3487;1.28;5.2000003;5.8409758;9.725611;3.91;56.09756097560976;0.7804878;0.3902439;2.4987803;0.80487806;5.153734;3.6442404;0.015740013;0.94154835;0.9540931;63.53235;1.2424242;5.153734;1.0665925;1.0665925;23.0;24.0;16.0;10.0;7.0;6.0;2.1491032;2.1491032;13.666667;3.0;1.0;0.0;1
29;2;49;7;144;17;27;19;49.172672;1.67;5.6;11.355861;13.816669;4.41;48.275862068965516;0.5862069;0.6551724;3.5282114;0.9310345;5.013774;3.5452738;0.0063022287;0.97877854;0.9823328;158.67403;1.074074;5.013774;0.68699723;0.68699723;14.0;13.0;7.0;9.0;2.0;2.0;1.3456101;1.3456101;14.5;2.0;0.0;0.0;1
29;1;43;4;129;24;26;17;51.95862;7.52;11.6;9.335174;14.554592;11.91;51.724137931034484;0.82758623;0.5862069;3.1568208;0.8965517;4.8280787;3.4139674;0.009630688;0.9675706;0.97284687;103.83475;1.1153846;4.8280787;1.1273998;1.1273998;20.0;17.0;9.0;7.0;5.0;1.0;0.69369376;0.69369376;29.0;1.0;0.0;0.0;1
45;4;59;4;175;43;39;19;84.496254;0.5;4.4;4.4355555;8.648137;-1.8;51.11111111111111;0.95555556;0.42222223;2.8323529;0.8666667;5.813777;4.110961;0.009875372;0.96240777;0.97133577;101.26201;1.1538461;5.813777;1.6521807;1.6521807;36.0;28.0;19.0;18.0;7.0;8.0;1.338059;1.338059;11.25;4.0;1.0;0.0;1
39;5;51;3;150;36;29;11;88.28723;-1.06;2.8;3.0205126;7.5541744;-3.8;48.717948717948715;0.9230769;0.2820513;1.7614096;0.74358976;4.6437163;3.2836034;0.02207367;0.91913176;0.93505585;45.302845;1.3448275;4.6437163;0.9598243;0.9598243;36.0;23.0;13.0;8.0;8.0;6.0;1.8002039;1.8002039;7.8;5.0;1.0;0.0;1
39;2;44;2;144;29;31;23;91.596344;3.62;7.6;4.392821;8.841846;2.2;51.28205128205128;0.74358976;0.5897436;3.6829476;0.7948718;4.9639726;3.5100589;0.017104741;0.9373357;0.9501602;58.463318;1.2580645;4.9639726;1.6155951;1.6155951;22.0;22.0;12.0;10.0;6.0;4.0;1.5563595;1.5563595;19.5;2.0;4.0;0.0;1
28;1;52;8;148;20;26;21;21.300718;7.13;11.2;14.2228565;19.287186;16.12;46.42857142857143;0.71428573;0.75;3.968627;0.9285714;4.913538;3.4743962;0.006674237;0.9777601;0.9813141;149.82986;1.0769231;4.913538;0.27717096;0.27717096;14.0;10.0;6.0;8.0;7.0;6.0;0.722106;0.722106;28.0;1.0;0.0;0.0;2
66;4;97;9;289;56;48;31;65.75114;2.45;6.4;8.153333;11.407656;5.41;51.515151515151516;0.8484849;0.46969697;3.8158362;0.72727275;5.9083915;4.1778636;0.018142197;0.9239905;0.94481885;55.120117;1.375;5.9083915;2.0217538;2.0217538;39.0;39.0;28.0;18.0;12.0;11.0;3.3007426;3.3007426;16.5;4.0;0.0;0.0;2
39;6;51;2;147;32;33;23;89.606735;-1.45;2.4;1.8092318;6.427356;-4.3;56.41025641025641;0.82051283;0.5897436;3.6829476;0.84615386;5.2842293;3.7365143;0.012446581;0.9544012;0.96405584;80.343346;1.1818181;5.2842293;0.77477527;0.77477527;21.0;21.0;16.0;13.0;10.0;4.0;0.6819984;0.6819984;6.5;6.0;3.0;0.0;2
52;3;76;9;242;41;40;26;65.59551;2.84;6.8;9.856923;13.023867;5.91;48.07692307692308;0.78846157;0.5;3.6055512;0.7692308;5.547002;3.9223228;0.016804943;0.9335996;0.9499955;59.5063;1.3;5.547002;1.0022767;1.0022767;29.0;31.0;23.0;11.0;9.0;6.0;1.2037619;1.2037619;17.333334;3.0;0.0;0.0;2
38;1;51;3;155;33;35;20;54.722893;11.03;15.2;7.4052634;13.023867;16.41;60.526315789473685;0.8684211;0.5263158;3.2444284;0.92105263;5.6777496;4.0147753;0.0062150764;0.97739214;0.9822915;160.89906;1.0857143;5.6777496;1.3606544;1.3606544;20.0;25.0;20.0;14.0;9.0;4.0;1.7932017;1.7932017;38.0;1.0;1.0;0.0;2
62;4;80;6;257;44;49;34;81.941216;2.06;6.0;6.6638703;9.888513;4.91;54.83870967741935;0.7096774;0.5483871;4.318004;0.7903226;6.2230062;4.40033;0.013814994;0.9429837;0.95858705;72.38512;1.2653061;6.2230062;2.3674288;2.3674288;33.0;30.0;22.0;15.0;15.0;6.0;1.1070946;1.1070946;15.5;4.0;2.0;0.0;2
37;2;51;3;172;32;34;15;71.446686;3.23;7.2000003;9.934054;10.125756;6.41;54.054054054054056;0.8648649;0.4054054;2.4659848;0.9189189;5.5895658;3.9524198;0.006485095;0.9765829;0.98154485;154.19975;1.0882353;5.5895658;1.0641412;1.0641412;23.0;24.0;13.0;10.0;7.0;3.0;1.6936071;1.6936071;18.5;2.0;0.0;0.0;2
66;3;86;3;257;55;48;31;74.26864;4.79;8.8;5.75091;8.841846;3.7;45.45454545454545;0.8333333;0.46969697;3.8158362;0.72727275;5.9083915;4.1778636;0.018142197;0.9239905;0.94481885;55.120117;1.375;5.9083915;3.4315705;3.4315705;45.0;42.0;26.0;18.0;18.0;10.0;4.0639753;4.0639753;22.0;3.0;3.0;1.0;2
32;4;39;1;113;25;27;16;95.60875;-0.67;3.2;1.26375;5.8886185;-3.3;50.0;0.78125;0.5;2.828427;0.84375;4.7729707;3.375;0.014144903;0.9509775;0.9595592;70.69684;1.1851852;4.7729707;1.038836;1.038836;20.0;20.0;7.0;7.0;4.0;3.0;1.2660477;1.2660477;8.0;2.0;2.0;1.0;2
51;2;64;4;206;40;37;20;74.78779;5.96;10.0;6.789804;11.208143;9.91;52.94117647058824;0.78431374;0.39215687;2.8005602;0.7254902;5.1810365;3.6635458;0.020758294;0.918382;0.937812;48.173515;1.3783784;5.1810365;0.8166892;0.8166892;29.0;25.0;19.0;9.0;5.0;6.0;2.2349956;2.2349956;25.5;2.0;2.0;0.0;2
75;4;112;12;339;55;49;29;61.46775;3.23;7.2000003;9.198934;12.688353;6.41;44.0;0.73333335;0.38666666;3.3486316;0.6533333;5.6580324;4.000833;0.022835394;0.90140843;0.92903626;43.791668;1.5306122;5.6580324;1.9334972;1.9334972;43.0;35.0;25.0;20.0;12.0;7.0;2.0063584;2.0063584;18.75;4.0;3.0;1.0;2
75;4;112;12;339;55;49;29;61.46775;3.23;7.2000003;9.198934;12.688353;6.41;44.0;0.73333335;0.38666666;3.3486316;0.6533333;5.6580324;4.000833;0.022835394;0.90140843;0.92903626;43.791668;1.5306122;5.6580324;1.9334972;1.9334972;43.0;35.0;25.0;20.0;12.0;7.0;2.0063584;2.0063584;18.75;4.0;3.0;1.0;2
48;3;75;7;217;44;37;20;58.4075;2.45;6.4;8.932501;11.855464;5.41;52.083333333333336;0.9166667;0.41666666;2.8867514;0.7708333;5.34049;3.7762966;0.017368188;0.93276423;0.9485782;57.57653;1.2972972;5.34049;1.5311238;1.5311238;33.0;33.0;19.0;12.0;3.0;5.0;1.2918501;1.2918501;16.0;3.0;0.0;1.0;2
76;3;132;16;391;67;55;34;34.18482;5.96;10.0;13.282632;16.322123;14.62;55.26315789473685;0.8815789;0.4473684;3.9000676;0.7236842;6.308933;4.461089;0.017243179;0.9253244;0.9470499;57.993946;1.3818182;6.308933;3.2329006;3.2329006;43.0;38.0;26.0;28.0;11.0;12.0;2.4018445;2.4018445;25.333334;3.0;0.0;0.0;2
75;5;99;5;307;60;56;38;79.937996;2.06;6.0;6.2954655;8.841846;4.91;50.66666666666667;0.8;0.50666666;4.387862;0.74666667;6.466323;4.572381;0.015671963;0.9323365;0.9521004;63.808216;1.3392857;6.466323;2.727516;2.727516;46.0;43.0;34.0;21.0;19.0;7.0;3.778963;3.778963;15.0;5.0;2.0;0.0;2
98;6;136;10;409;79;72;44;72.85258;2.45;6.4;6.927756;10.504224;5.41;56.12244897959183;0.8061224;0.4489796;4.444671;0.7346939;7.2730985;5.142857;0.014665704;0.9327582;0.9542881;68.186295;1.3611112;7.2730985;5.126909;5.126909;57.0;60.0;34.0;27.0;25.0;12.0;5.839295;5.839295;16.333334;3.0;4.0;0.0;2
108;4;168;16;502;90;71;40;47.829998;6.74;10.8;10.434815;14.167174;10.91;50.92592592592593;0.8333333;0.37037036;3.849002;0.6574074;6.8319783;4.8309383;0.0191335;0.91041446;0.93920314;52.26435;1.5211267;6.8319783;5.2244134;5.2244134;64.0;51.0;42.0;25.0;17.0;13.0;4.046178;4.046178;27.0;2.0;1.0;0.0;2
53;5;73;4;238;46;39;22;79.551476;0.11;4.0;7.8120775;8.238735;2.41;58.490566037735846;0.8679245;0.41509435;3.0219324;0.7358491;5.357062;3.788015;0.019458607;0.9227437;0.94168735;51.39114;1.3589743;5.357062;1.9731227;1.9731227;36.0;33.0;22.0;17.0;12.0;9.0;2.6901927;2.6901927;10.6;2.5;0.0;0.0;2
89;4;141;12;455;68;68;40;50.22204;4.79;8.8;12.930338;12.688353;13.12;51.68539325842697;0.76404494;0.4494382;4.2399917;0.76404494;7.2079854;5.0968156;0.013357682;0.9400422;0.9588222;74.86329;1.3088236;7.2079854;4.2795777;4.2795777;48.0;54.0;32.0;24.0;18.0;13.0;4.160001;4.160001;22.25;4.0;0.0;0.0;2
99;4;143;10;433;84;66;37;59.513752;5.57;9.6;8.721615;11.855464;9.41;50.505050505050505;0.8484849;0.37373737;3.7186399;0.6666667;6.6332498;4.690416;0.01920259;0.9117618;0.93942505;52.07631;1.5;6.6332498;3.3805707;3.3805707;64.0;56.0;46.0;26.0;22.0;17.0;3.539595;3.539595;24.75;2.0;2.0;0.0;2
61;4;91;9;256;51;45;29;65.14969;2.06;6.0;6.935737;11.407656;4.91;55.73770491803278;0.8360656;0.47540984;3.7130694;0.73770493;5.7616596;4.0741086;0.018001435;0.9259984;0.94561344;55.551125;1.3555555;5.7616596;1.10151;1.10151;37.0;38.0;19.0;11.0;14.0;5.0;1.6058623;1.6058623;15.25;2.0;0.0;2.0;2
61;2;87;7;241;55;42;24;55.218487;7.91;12.0;6.460328;13.816669;7.7;44.26229508196721;0.90163934;0.39344263;3.072885;0.6885246;5.377549;3.8025014;0.022084028;0.90921533;0.9326748;45.281597;1.4523809;5.377549;4.576712;4.576712;45.0;37.0;24.0;24.0;18.0;5.0;4.842392;4.842392;30.5;2.0;2.0;0.0;2
59;5;105;14;277;46;47;33;44.298676;0.5;4.4;9.2976265;12.688353;2.91;59.32203389830508;0.779661;0.55932206;4.296234;0.7966102;6.118879;4.3267007;0.013676506;0.94423354;0.9591732;73.118095;1.2553191;6.118879;1.6068572;1.6068572;28.0;27.0;21.0;16.0;12.0;8.0;2.1786199;2.1786199;11.8;2.5;3.0;1.0;2
61;3;82;5;257;55;44;30;72.472084;4.01;8.0;7.5173764;10.504224;7.41;45.90163934426229;0.90163934;0.4918033;3.8411064;0.72131145;5.6336226;3.9835727;0.019331247;0.9205317;0.9414249;51.72972;1.3863636;5.6336226;3.0839899;3.0839899;41.0;37.0;23.0;17.0;9.0;12.0;1.8616681;1.8616681;20.333334;1.5;0.0;0.0;2
53;1;82;7;227;43;42;26;22.149435;16.88;21.2;8.825662;18.243607;23.91;52.83018867924528;0.8113208;0.49056605;3.5713747;0.7924528;5.7691436;4.0794005;0.014757285;0.9414093;0.9562115;67.763145;1.2619047;5.7691436;3.391657;3.391657;29.0;32.0;18.0;19.0;14.0;9.0;3.0013154;3.0013154;53.0;1.0;0.0;0.0;2
37;2;70;10;190;28;29;21;28.00345;3.23;7.2000003;12.794593;15.903189;11.12;64.86486486486487;0.7567568;0.5675676;3.4523787;0.7837838;4.7675705;3.3711815;0.018684497;0.93253183;0.9455965;53.520306;1.2758621;4.7675705;3.0055814;3.0055814;17.0;20.0;10.0;8.0;7.0;7.0;2.5447967;2.5447967;18.5;2.0;0.0;0.0;2
82;7;126;8;368;66;68;41;64.94988;0.5;4.4;8.061463;9.029199;2.91;57.3170731707317;0.80487806;0.5;4.527693;0.8292683;7.5093436;5.309908;0.009640551;0.9575168;0.9707295;103.72851;1.2058823;7.5093436;3.2754848;3.2754848;48.0;43.0;25.0;19.0;13.0;10.0;2.6196752;2.6196752;11.714286;2.3333333;0.0;0.0;2
43;2;58;2;186;35;33;19;70.90087;4.4;8.400001;8.257676;8.841846;7.91;44.18604651162791;0.81395346;0.44186047;2.8974729;0.76744187;5.0324526;3.5584815;0.018710649;0.9296255;0.9449148;53.445503;1.3030303;5.0324526;1.9455696;1.9455696;26.0;29.0;21.0;15.0;10.0;5.0;2.2036824;2.2036824;21.5;2.0;0.0;0.0;2
60;6;104;15;300;42;45;29;50.045;0.11;4.0;10.64;12.161745;7.12;61.66666666666667;0.7;0.48333332;3.7438838;0.75;5.809475;4.107919;0.017161056;0.92973673;0.9483162;58.27147;1.3333334;5.809475;1.2644455;1.2644455;30.0;35.0;16.0;20.0;13.0;11.0;1.8080512;1.8080512;10.0;2.0;2.0;1.0;2
71;5;115;11;340;54;54;35;55.39383;1.67;5.6;10.27324;11.602472;4.41;59.154929577464785;0.7605634;0.49295774;4.1537356;0.7605634;6.408621;4.5315795;0.015062697;0.93579257;0.95423025;66.389175;1.3148148;6.408621;3.1674871;3.1674871;29.0;40.0;27.0;21.0;24.0;5.0;2.3270996;2.3270996;14.2;2.5;3.0;1.0;2
28;5;49;6;152;23;26;18;53.101;-1.84;2.0;10.834284;9.3871;4.62;53.57142857142857;0.8214286;0.64285713;3.4016802;0.9285714;4.913538;3.4743962;0.006674237;0.9777601;0.9813141;149.82986;1.0769231;4.913538;2.1024933;2.1024933;11.0;13.0;13.0;7.0;2.0;3.0;1.2563334;1.2563334;5.6;2.5;2.0;0.0;2
36;4;46;3;145;27;30;15;89.6;-0.28;3.6000001;4.594444;7.908726;1.91;63.888888888888886;0.75;0.41666666;2.5;0.8333333;5.0;3.535534;0.01419772;0.9491222;0.9590881;70.433846;1.2;5.0;0.6948663;0.6948663;18.0;17.0;13.0;11.0;10.0;3.0;1.1653714;1.1653714;9.0;2.0;0.0;0.0;2
67;3;88;4;266;52;50;33;73.05025;4.79;8.8;6.2191043;9.725611;3.7;47.76119402985074;0.7761194;0.49253732;4.031592;0.74626863;6.1084723;4.319342;0.016554236;0.93039453;0.9497657;60.4075;1.34;6.1084723;2.423113;2.423113;38.0;39.0;21.0;16.0;5.0;12.0;2.4374232;2.4374232;22.333334;1.0;1.0;1.0;2
57;3;81;8;244;54;45;20;67.32895;3.62;7.6;7.8126307;12.457975;6.91;49.122807017543856;0.94736844;0.3508772;2.6490648;0.7894737;5.960396;4.2146363;0.014461334;0.9415321;0.95687413;69.14991;1.2666667;5.960396;2.1449504;2.1449504;39.0;36.0;23.0;19.0;8.0;8.0;1.7889482;1.7889482;19.0;3.0;0.0;0.0;2
93;6;131;8;397;84;62;39;71.93476;2.06;6.0;7.3909693;9.725611;4.91;52.68817204301075;0.9032258;0.41935483;4.0441117;0.6666667;6.4291005;4.5460606;0.019735985;0.9105447;0.9379921;50.66887;1.5;6.4291005;4.332683;4.332683;54.0;60.0;32.0;31.0;18.0;6.0;3.6242564;3.6242564;15.5;3.0;1.0;0.0;2
56;4;84;8;257;48;49;26;65.725;1.67;5.6;9.070715;10.934197;4.41;55.35714285714286;0.85714287;0.4642857;3.4743962;0.875;6.5479;4.630065;0.0082409205;0.9668274;0.97577554;121.34567;1.1428572;6.5479;2.3040855;2.3040855;39.0;34.0;20.0;8.0;9.0;4.0;1.511097;1.511097;14.0;2.0;4.0;0.0;2
41;3;61;5;169;32;39;23;67.09504;1.28;5.2000003;6.2712183;10.504224;3.91;36.58536585365854;0.7804878;0.5609756;3.5919964;0.9512195;6.090777;4.3068295;0.003626409;0.98653305;0.9896658;275.75488;1.051282;6.090777;0.94525373;0.94525373;26.0;24.0;14.0;13.0;7.0;7.0;1.7307676;1.7307676;13.666667;3.0;0.0;0.0;2
41;4;54;3;163;29;30;20;85.00686;0.11;4.0;4.688781;7.908726;-2.3;46.34146341463415;0.70731705;0.4878049;3.1234753;0.73170733;4.685213;3.3129458;0.022651248;0.91588295;0.93302816;44.14768;1.3666667;4.685213;1.2049224;1.2049224;19.0;20.0;13.0;13.0;7.0;7.0;2.6296418;2.6296418;10.25;2.0;1.0;0.0;2
117;6;151;4;462;101;84;42;77.85789;3.62;7.6;5.9005127;7.7935376;2.2;51.28205128205128;0.8632479;0.35897437;3.8829014;0.71794873;7.765803;5.491252;0.014611198;0.9304189;0.9537899;68.44066;1.3928572;7.765803;3.6628296;3.6628296;75.0;76.0;45.0;32.0;15.0;21.0;4.120659;4.120659;19.5;3.0;2.0;0.0;2
34;1;49;3;151;31;30;15;50.401474;9.47;13.6;9.443529;13.023867;14.41;44.11764705882353;0.9117647;0.44117647;2.5724788;0.88235295;5.1449575;3.6380343;0.010065215;0.96450645;0.9713245;99.35208;1.1333333;5.1449575;1.5838759;1.5838759;25.0;24.0;11.0;10.0;9.0;2.0;1.5808994;1.5808994;34.0;1.0;0.0;1.0;2
39;3;58;5;175;36;36;19;67.824615;1.28;5.2000003;8.307691;10.504224;3.91;48.717948717948715;0.9230769;0.4871795;3.042435;0.9230769;5.7646136;4.076197;0.005963686;0.9781517;0.9829868;167.68153;1.0833334;5.7646136;1.271536;1.271536;27.0;28.0;13.0;13.0;9.0;6.0;1.6173687;1.6173687;13.0;3.0;0.0;0.0;2
90;4;129;9;370;78;67;41;62.737503;4.79;8.8;7.057778;11.407656;8.41;48.888888888888886;0.8666667;0.45555556;4.3217793;0.74444443;7.06242;4.993885;0.014574914;0.93441564;0.9548987;68.61104;1.3432835;7.06242;4.996733;4.996733;59.0;60.0;39.0;34.0;26.0;14.0;5.3464766;5.3464766;22.5;4.0;1.0;0.0;2
43;3;56;3;163;35;37;25;82.109924;1.67;5.6;4.4241858;8.841846;-0.3;51.162790697674424;0.81395346;0.5813953;3.8124642;0.8604651;5.642447;3.9898126;0.010623183;0.9600441;0.9692195;94.13374;1.1621622;5.642447;1.3094625;1.3094625;27.0;23.0;16.0;13.0;9.0;4.0;1.9324558;1.9324558;14.333333;3.0;1.0;0.0;2
57;6;82;8;236;43;42;28;75.487236;-0.28;3.6000001;5.4294744;9.725611;1.91;47.368421052631575;0.75438595;0.49122807;3.7086906;0.7368421;5.563036;3.9336605;0.018682046;0.9244675;0.94378144;53.52733;1.3571428;5.563036;1.3211063;1.3211063;35.0;33.0;18.0;14.0;7.0;6.0;2.0739493;2.0739493;9.5;3.0;1.0;0.0;2
67;4;91;6;293;55;49;28;74.92927;2.45;6.4;8.146865;9.888513;5.41;53.73134328358209;0.8208955;0.41791046;3.4207444;0.73134327;5.986303;4.2329555;0.017696958;0.92558974;0.9461606;56.506886;1.3673469;5.986303;3.2234647;3.2234647;35.0;35.0;24.0;16.0;16.0;6.0;2.5227537;2.5227537;16.75;1.3333334;0.0;0.0;2
28;2;37;1;104;25;23;11;80.832146;1.67;5.6;3.9257133;7.1686215;-0.3;57.14285714285714;0.89285713;0.39285713;2.0788045;0.8214286;4.3465915;3.0735042;0.017715923;0.9409669;0.94944704;56.446396;1.2173913;4.3465915;2.1160245;2.1160245;20.0;16.0;7.0;7.0;5.0;4.0;1.1195328;1.1195328;14.0;2.0;0.0;0.0;2
28;2;39;2;110;22;26;17;74.78928;1.67;5.6;5.1857142;8.841846;-0.3;53.57142857142857;0.78571427;0.60714287;3.212698;0.9285714;4.913538;3.4743962;0.006674237;0.9777601;0.9813141;149.82986;1.0769231;4.913538;0.41395837;0.41395837;13.0;18.0;9.0;5.0;4.0;6.0;0.39836687;0.39836687;14.0;2.0;1.0;0.0;2
63;4;80;7;236;49;48;33;83.42017;2.06;6.0;4.347302;10.4301;0.2;52.38095238095239;0.7777778;0.52380955;4.157609;0.7619048;6.0474315;4.27618;0.015841816;0.9343652;0.95224047;63.12408;1.3125;6.0474315;2.1448886;2.1448886;36.0;35.0;21.0;15.0;9.0;10.0;2.2083247;2.2083247;15.75;4.0;0.0;2.0;2
81;4;115;8;345;58;54;36;66.17014;4.01;8.0;7.7827168;10.934197;7.41;51.85185185185185;0.7160494;0.44444445;4.0;0.6666667;6.0;4.2426405;0.020996388;0.9077324;0.9346059;47.62724;1.5;6.0;2.4992566;2.4992566;42.0;44.0;30.0;19.0;11.0;16.0;2.4256225;2.4256225;20.25;2.0;0.0;0.0;2
70;3;104;7;344;48;58;41;57.460236;5.18;9.2;11.827428;11.855464;8.91;57.14285714285714;0.6857143;0.5857143;4.9004374;0.82857144;6.932326;4.9018946;0.010418572;0.95573676;0.96870327;95.98244;1.2068965;6.932326;1.8057519;1.8057519;40.0;35.0;29.0;18.0;13.0;5.0;2.0823555;2.0823555;23.333334;3.0;4.0;1.0;2
86;4;126;14;380;65;59;39;61.063663;4.4;8.400001;8.804651;13.454273;7.91;53.48837209302325;0.75581396;0.45348838;4.205478;0.68604654;6.3621335;4.498708;0.018991275;0.9154063;0.94083375;52.65576;1.4576272;6.3621335;2.7905893;2.7905893;45.0;48.0;24.0;26.0;12.0;10.0;2.1783464;2.1783464;21.5;2.0;0.0;0.0;2
69;3;92;7;285;55;56;34;70.689995;5.18;9.2;7.200001;11.855464;8.91;43.47826086956522;0.79710144;0.49275362;4.093119;0.8115942;6.7416077;4.7670364;0.011644288;0.9506968;0.96496606;85.87901;1.2321428;6.7416077;2.3698027;2.3698027;39.0;37.0;27.0;16.0;8.0;11.0;2.1511226;2.1511226;23.0;3.0;0.0;0.0;2
59;3;93;8;280;46;48;28;53.520794;3.62;7.6;10.600001;12.457975;6.91;45.76271186440678;0.779661;0.47457626;3.6452894;0.8135593;6.249068;4.4187584;0.012410235;0.9493968;0.9630532;80.57865;1.2291666;6.249068;2.1320221;2.1320221;35.0;35.0;25.0;14.0;11.0;5.0;2.7285395;2.7285395;19.666666;1.5;0.0;0.0;2
45;2;63;5;198;38;36;19;65.5575;4.79;8.8;8.756444;12.161745;8.41;42.22222222222222;0.84444445;0.42222223;2.8323529;0.8;5.3665633;3.7947333;0.015399109;0.9413808;0.9548102;64.93882;1.25;5.3665633;0.70748;0.70748;31.0;28.0;17.0;7.0;5.0;5.0;1.3325464;1.3325464;22.5;2.0;0.0;0.0;2
86;4;125;14;363;71;58;31;62.047386;4.4;8.400001;7.6423254;13.454273;7.91;45.348837209302324;0.8255814;0.3604651;3.3428159;0.6744186;6.254301;4.4224586;0.019852836;0.9115686;0.93802154;50.370636;1.4827586;6.254301;4.932425;4.932425;47.0;50.0;38.0;34.0;22.0;3.0;3.2301104;3.2301104;21.5;2.0;0.0;0.0;2
67;4;99;8;302;50;56;32;64.82778;2.45;6.4;8.936715;10.934197;5.41;50.74626865671642;0.74626863;0.47761193;3.9094222;0.8358209;6.841489;4.837663;0.010144039;0.95734745;0.96964985;98.58006;1.1964285;6.841489;2.532917;2.532917;32.0;34.0;24.0;19.0;13.0;10.0;3.4100237;3.4100237;16.75;1.3333334;0.0;0.0;2
40;1;57;4;174;35;32;19;45.680004;11.81;16.0;9.038;14.554592;17.41;50.0;0.875;0.475;3.0041637;0.8;5.059644;3.5777087;0.016398171;0.9395091;0.95219743;60.98241;1.25;5.059644;1.3110478;1.3110478;22.0;18.0;19.0;16.0;12.0;2.0;2.1961942;2.1961942;40.0;1.0;0.0;0.0;2
64;4;79;6;246;54;47;26;86.16688;2.45;6.4;4.95125;9.888513;0.7;40.625;0.84375;0.40625;3.25;0.734375;5.875;4.1542525;0.01784979;0.9257648;0.9458795;56.023067;1.3617021;5.875;1.2897911;1.2897911;41.0;34.0;25.0;14.0;6.0;5.0;2.086348;2.086348;16.0;4.0;1.0;0.0;2
83;10;113;2;340;74;58;31;83.232185;-0.67;3.2;4.7204814;5.683918;1.41;59.036144578313255;0.8915663;0.37349397;3.402692;0.6987952;6.3663273;4.501673;0.018354747;0.9188933;0.94307387;54.481815;1.4310344;6.3663273;3.0315568;3.0315568;50.0;58.0;35.0;30.0;23.0;10.0;2.9581876;2.9581876;8.3;10.0;1.0;0.0;2
87;5;135;14;410;64;60;36;57.898132;2.84;6.8;10.209196;12.688353;5.91;50.57471264367817;0.7356322;0.41379312;3.859605;0.6896552;6.4326754;4.5485883;0.01863003;0.9168;0.9419529;53.67678;1.45;6.4326754;2.8084075;2.8084075;47.0;42.0;33.0;28.0;21.0;7.0;5.286282;5.286282;17.4;1.6666666;0.0;0.0;2
100;6;131;4;415;87;67;41;79.09234;2.45;6.4;6.826;7.7935376;5.41;54.0;0.87;0.41;4.1;0.67;6.7;4.7376156;0.018883688;0.9130374;0.9404272;52.955757;1.4925373;6.7;3.2062888;3.2062888;69.0;66.0;43.0;28.0;18.0;9.0;4.468498;4.468498;16.666666;1.5;0.0;0.0;2
80;7;119;8;350;64;62;37;69.3925;0.5;4.4;7.335;9.029199;2.91;52.5;0.8;0.4625;4.136726;0.775;6.931811;4.9015303;0.013274146;0.94183236;0.9594399;75.33441;1.2903225;6.931811;1.0968705;1.0968705;52.0;45.0;26.0;18.0;10.0;5.0;3.1902196;3.1902196;11.428572;1.75;2.0;1.0;2
98;8;139;7;402;91;60;35;74.40737;0.89;4.8;5.9036727;7.908726;3.41;56.12244897959183;0.9285714;0.35714287;3.535534;0.6122449;6.0609155;4.285714;0.023338627;0.89299315;0.92567796;42.84742;1.6333333;6.0609155;3.2635453;3.2635453;79.0;54.0;29.0;25.0;17.0;15.0;7.300067;7.300067;12.25;2.6666667;5.0;0.0;2
95;7;119;2;346;81;64;37;87.08737;1.28;5.2000003;3.4345274;6.0791497;-0.8;40.0;0.85263157;0.38947368;3.79612;0.67368424;6.5662613;4.643048;0.01904705;0.91326207;0.9401493;52.501568;1.484375;6.5662613;4.185803;4.185803;75.0;62.0;34.0;27.0;12.0;4.0;5.084413;5.084413;13.571428;1.1666666;1.0;0.0;2
86;8;108;3;312;73;61;36;89.68189;0.11;4.0;2.7786055;6.2581;-2.3;39.53488372093023;0.8488372;0.41860464;3.88198;0.7093023;6.5777993;4.6512065;0.017311113;0.9228903;0.94628423;57.76636;1.409836;6.5777993;3.285071;3.285071;65.0;57.0;35.0;21.0;18.0;15.0;3.614687;3.614687;10.75;1.3333334;2.0;1.0;2
59;4;73;3;217;48;45;33;87.18918;1.67;5.6;3.8196604;7.908726;-0.3;44.06779661016949;0.8135593;0.55932206;4.296234;0.7627119;5.858501;4.1425858;0.016291944;0.93356895;0.9510916;61.380024;1.3111111;5.858501;1.2268698;1.2268698;40.0;33.0;12.0;13.0;4.0;12.0;2.0206084;2.0206084;14.75;2.0;1.0;1.0;2
49;3;70;6;219;35;39;25;69.39952;2.45;6.4;8.667753;11.208143;5.41;48.97959183673469;0.71428573;0.5102041;3.5714285;0.79591835;5.571429;3.939595;0.015070293;0.94134915;0.9555212;66.35571;1.2564102;5.571429;3.7448792;3.7448792;24.0;21.0;18.0;12.0;11.0;2.0;2.5611582;2.5611582;16.333334;3.0;0.0;1.0;2
47;2;77;7;225;29;39;28;44.382496;5.18;9.2;11.089361;13.816669;8.91;44.680851063829785;0.61702126;0.59574467;4.08422;0.82978725;5.6887345;4.022543;0.0125870565;0.95153797;0.96315163;79.44669;1.2051282;5.6887345;2.2576265;2.2576265;25.0;24.0;25.0;21.0;12.0;10.0;1.6714616;1.6714616;23.5;2.0;2.0;0.0;2
140;7;194;13;613;117;99;62;69.30357;4.01;8.0;8.466001;10.65028;7.41;53.57142857142857;0.8357143;0.44285715;5.2399564;0.70714283;8.367027;5.916382;0.014190213;0.92987704;0.9544952;70.47111;1.4141414;8.367027;3.2767367;3.2767367;88.0;85.0;58.0;43.0;33.0;16.0;5.3895025;5.3895025;20.0;7.0;3.0;1.0;3
95;6;133;8;415;80;71;49;72.324165;2.06;6.0;8.016842;9.725611;4.91;50.526315789473685;0.84210527;0.51578945;5.027294;0.7473684;7.2844462;5.1508813;0.01404185;0.9360551;0.9564104;71.21568;1.3380282;7.2844462;3.7710116;3.7710116;57.0;53.0;34.0;26.0;21.0;19.0;4.6531515;4.6531515;15.833333;3.0;6.0;1.0;3
84;3;111;5;357;62;65;44;66.62215;7.13;11.2;8.132857;10.504224;11.41;44.047619047619044;0.7380952;0.52380955;4.8007936;0.77380955;7.0920815;5.0148587;0.013061723;0.9421259;0.959951;76.559586;1.2923077;7.0920815;2.9378593;2.9378593;44.0;45.0;32.0;25.0;14.0;8.0;1.7099016;1.7099016;28.0;3.0;5.0;0.0;3
61;3;94;12;299;51;51;32;55.829456;4.01;8.0;11.565902;14.554592;7.41;60.65573770491803;0.8360656;0.52459013;4.0971804;0.8360656;6.529881;4.617323;0.010595019;0.9564452;0.9684984;94.38397;1.1960784;6.529881;1.4332016;1.4332016;36.0;39.0;23.0;18.0;8.0;7.0;2.2803311;2.2803311;20.333334;3.0;1.0;0.0;3
106;10;180;22;515;82;79;53;52.415623;0.11;4.0;9.9754715;11.602472;2.41;55.660377358490564;0.7735849;0.5;5.147815;0.745283;7.673158;5.425742;0.013518291;0.93695825;0.9577098;73.973854;1.3417722;7.673158;2.3773491;2.3773491;58.0;51.0;42.0;28.0;22.0;11.0;2.790165;2.790165;10.6;5.0;5.0;0.0;3
80;3;116;7;366;70;63;38;57.09833;6.35;10.400001;9.990998;11.855464;10.41;53.75;0.875;0.475;4.248529;0.7875;7.043614;4.9805875;0.012440889;0.9454837;0.9620587;80.38011;1.2698413;7.043614;2.5695426;2.5695426;50.0;53.0;32.0;25.0;18.0;12.0;2.8430846;2.8430846;26.666666;1.5;0.0;1.0;3
99;4;149;13;468;83;74;43;54.386475;5.57;9.6;10.800404;13.078686;9.41;52.52525252525253;0.83838385;0.43434343;4.3216624;0.74747473;7.4372797;5.258951;0.013784182;0.93666005;0.95709175;72.54692;1.3378378;7.4372797;3.3921037;3.3921037;56.0;61.0;35.0;38.0;18.0;13.0;3.161127;3.161127;24.75;2.0;0.0;0.0;3
115;10;162;14;511;96;84;54;75.98685;0.5;4.4;7.7537384;9.888513;2.91;53.91304347826087;0.8347826;0.4695652;5.035526;0.7304348;7.83304;5.538796;0.013951764;0.9337998;0.9560117;71.67552;1.3690476;7.83304;3.264835;3.264835;65.0;68.0;47.0;33.0;20.0;13.0;4.9378877;4.9378877;11.5;3.3333333;3.0;0.0;3
91;5;118;9;365;72;65;38;78.6609;3.23;7.2000003;6.158242;10.793553;6.41;53.84615384615385;0.7912088;0.41758242;3.9834824;0.71428573;6.8138514;4.8181205;0.016536007;0.9254084;0.9485425;60.474094;1.4;6.8138514;4.3425484;4.3425484;53.0;42.0;37.0;25.0;12.0;7.0;4.063036;4.063036;18.2;1.6666666;1.0;2.0;3
168;7;244;20;727;147;105;63;59.603577;5.57;9.6;8.411667;12.457975;9.41;55.952380952380956;0.875;0.375;4.8605556;0.625;8.100925;5.7282195;0.017901486;0.90827346;0.94111747;55.861286;1.6;8.100925;7.1924763;7.1924763;86.0;100.0;70.0;57.0;37.0;17.0;10.050831;10.050831;24.0;2.3333333;2.0;0.0;3
88;5;123;8;347;78;64;38;70.723274;2.84;6.8;5.7040906;10.355216;1.2;46.590909090909086;0.8863636;0.4318182;4.0508137;0.72727275;6.822423;4.8241816;0.015885716;0.9288743;0.9507802;62.94963;1.375;6.822423;3.5816855;3.5816855;59.0;49.0;36.0;24.0;12.0;18.0;6.4233313;6.4233313;17.6;5.0;2.0;0.0;3
64;5;94;8;300;51;55;34;69.58675;0.89;4.8;9.45;10.355216;3.41;64.0625;0.796875;0.53125;4.25;0.859375;6.875;4.861359;0.00876198;0.9635599;0.973955;114.12946;1.1636363;6.875;1.8583676;1.8583676;33.0;33.0;23.0;21.0;11.0;8.0;2.1970608;2.1970608;12.8;2.5;2.0;0.0;3
183;12;271;27;826;145;109;75;66.07429;2.06;6.0;8.799346;10.793553;4.91;60.10928961748634;0.79234976;0.40983605;5.5441594;0.59562844;8.057512;5.697521;0.019092197;0.90053946;0.93652683;52.37742;1.678899;8.057512;4.6747947;4.6747947;103.0;93.0;61.0;50.0;38.0;22.0;7.2480507;7.2480507;15.25;4.0;3.0;1.0;3
77;4;129;18;368;68;61;37;45.56378;3.62;7.6;10.764154;14.836746;6.91;57.14285714285714;0.8831169;0.48051947;4.2165413;0.7922078;6.9515953;4.91552;0.0123449005;0.94637614;0.9624748;81.005104;1.2622951;6.9515953;6.3636346;6.3636346;48.0;46.0;32.0;22.0;19.0;7.0;4.0881114;4.0881114;19.25;4.0;0.0;0.0;3
113;7;147;7;455;100;76;47;80.395134;2.45;6.4;6.0424786;8.648137;5.41;51.32743362831859;0.88495576;0.4159292;4.421388;0.67256635;7.1494784;5.0554447;0.017748836;0.91609436;0.9435835;56.34172;1.4868422;7.1494784;5.753724;5.753724;79.0;74.0;42.0;34.0;14.0;12.0;5.2941365;5.2941365;16.142857;1.75;3.0;0.0;3
93;6;123;9;377;78;65;43;79.21217;2.06;6.0;6.1264515;10.125756;4.91;49.46236559139785;0.83870965;0.4623656;4.4588923;0.6989247;6.740186;4.7660313;0.017435953;0.9209698;0.9455249;57.352757;1.4307692;6.740186;3.9554126;3.9554126;60.0;60.0;36.0;31.0;18.0;13.0;3.9377942;3.9377942;15.5;1.5;2.0;0.0;3
116;6;150;12;468;99;80;52;77.81512;3.62;7.6;6.3917255;11.208143;6.91;50.86206896551724;0.8534483;0.44827586;4.8280787;0.6896552;7.4278135;5.2522573;0.016443325;0.9218352;0.94779086;60.814953;1.45;7.4278135;3.7201097;3.7201097;73.0;66.0;40.0;26.0;24.0;14.0;2.7579837;2.7579837;19.333334;6.0;2.0;0.0;3
103;6;171;16;506;69;76;52;48.95841;2.84;6.8;11.361942;12.457975;5.91;44.66019417475729;0.6699029;0.5048544;5.123712;0.7378641;7.4885025;5.295171;0.014152028;0.9344092;0.95576304;70.66125;1.3552631;7.4885025;2.6945565;2.6945565;47.0;46.0;34.0;20.0;12.0;10.0;1.8470498;1.8470498;17.166666;3.0;7.0;2.0;3
111;4;174;21;507;88;77;52;46.052532;6.74;10.8;9.99063;15.774803;10.91;49.549549549549546;0.7927928;0.46846846;4.9356217;0.6936937;7.3085165;5.1679015;0.016489185;0.9223437;0.947833;60.64581;1.4415585;7.3085165;3.0140173;3.0140173;58.0;65.0;42.0;29.0;14.0;13.0;4.0234385;4.0234385;27.75;0.8;1.0;0.0;3
80;5;113;10;326;71;63;31;71.097496;2.45;6.4;6.3109984;11.208143;5.41;50.0;0.8875;0.3875;3.4659054;0.7875;7.043614;4.9805875;0.012440889;0.9454837;0.9620587;80.38011;1.2698413;7.043614;3.59996;3.59996;55.0;54.0;37.0;32.0;16.0;9.0;2.3898087;2.3898087;16.0;1.6666666;0.0;1.0;3
97;2;139;15;418;76;73;49;36.37657;14.93;19.2;8.928248;18.7741;21.41;49.48453608247423;0.78350514;0.5051546;4.9751964;0.7525773;7.412027;5.2410946;0.013582368;0.9378646;0.95781136;73.62486;1.3287672;7.412027;4.2311068;4.2311068;50.0;54.0;34.0;28.0;10.0;14.0;3.4453998;3.4453998;48.5;1.0;2.0;1.0;3
67;6;88;3;257;47;49;33;84.384415;0.5;4.4;4.103881;7.1686215;-1.8;44.776119402985074;0.70149255;0.49253732;4.031592;0.73134327;5.986303;4.2329555;0.017696958;0.92558974;0.9461606;56.506886;1.3673469;5.986303;2.1597698;2.1597698;38.0;34.0;24.0;18.0;16.0;7.0;1.4313357;1.4313357;11.166667;1.5;1.0;0.0;3
94;6;143;18;434;73;70;48;62.233334;2.06;6.0;9.458723;13.023867;4.91;59.57446808510638;0.7765958;0.5106383;4.950822;0.7446808;7.219949;5.1052747;0.014281866;0.93511325;0.95567834;70.01886;1.3428571;7.219949;2.3576236;2.3576236;49.0;50.0;35.0;29.0;17.0;15.0;2.4008105;2.4008105;15.666667;2.0;1.0;0.0;3
101;5;139;8;400;85;69;42;69.9023;4.01;8.0;6.0217824;10.355216;2.7;52.475247524752476;0.84158415;0.41584158;4.1791563;0.6831683;6.8657565;4.854823;0.017888539;0.91744226;0.9436582;55.90172;1.4637681;6.8657565;3.6190348;3.6190348;61.0;58.0;30.0;16.0;19.0;8.0;3.92753;3.92753;20.2;2.5;2.0;0.0;3
64;5;116;19;345;48;53;35;40.5055;0.89;4.8;13.584375;14.265292;8.12;51.5625;0.75;0.546875;4.375;0.828125;6.625;4.684582;0.01090355;0.9546534;0.96743935;91.71325;1.2075472;6.625;2.3127456;2.3127456;30.0;30.0;20.0;10.0;11.0;10.0;1.3643222;1.3643222;12.8;2.5;0.0;1.0;3
114;5;152;9;446;88;73;43;70.893;4.79;8.8;5.905966;10.793553;3.7;56.14035087719298;0.7719298;0.37719297;4.027319;0.6403509;6.837076;4.834543;0.019871052;0.90588677;0.93644625;50.324463;1.5616438;6.837076;3.0140507;3.0140507;72.0;66.0;46.0;25.0;21.0;10.0;3.6438797;3.6438797;22.8;1.6666666;0.0;0.0;3
97;5;131;6;368;86;70;40;72.89039;3.62;7.6;4.9818554;9.3871;2.2;48.45360824742268;0.88659793;0.41237113;4.0613847;0.72164947;7.1074233;5.0257072;0.01558754;0.9286915;0.95134723;64.1538;1.3857143;7.1074233;4.1992846;4.1992846;63.0;64.0;40.0;27.0;24.0;12.0;6.921233;6.921233;19.4;1.6666666;3.0;1.0;3
83;5;110;10;348;69;61;29;77.865524;2.45;6.4;7.0703607;11.208143;5.41;48.19277108433735;0.8313253;0.3493976;3.1831636;0.73493975;6.69562;4.734518;0.015772013;0.93030596;0.9513811;63.403446;1.3606558;6.69562;2.226974;2.226974;51.0;45.0;35.0;24.0;16.0;10.0;3.4744556;3.4744556;16.6;2.5;1.0;1.0;3
76;5;124;16;363;63;55;33;53.375423;2.06;6.0;10.337367;13.3483715;4.91;51.31578947368421;0.82894737;0.43421054;3.7853596;0.7236842;6.308933;4.461089;0.017243179;0.9253244;0.9470499;57.993946;1.3818182;6.308933;4.1204653;4.1204653;41.0;38.0;31.0;23.0;16.0;7.0;2.3175387;2.3175387;15.2;5.0;2.0;0.0;3
184;15;219;7;659;161;89;52;93.69194;0.89;4.8;2.8463035;7.0316486;-1.3;41.30434782608695;0.875;0.2826087;3.8334908;0.48369566;6.5611672;4.639446;0.026706548;0.8607271;0.9091884;37.444;2.0674157;6.5611672;9.240586;9.240586;149.0;114.0;83.0;59.0;33.0;26.0;10.599352;10.599352;12.266666;2.142857;11.0;1.0;3
150;12;193;10;553;121;73;42;85.2955;0.89;4.8;3.509601;7.7935376;-1.3;44.0;0.8066667;0.28;3.4292855;0.48666668;5.960425;4.214657;0.028684875;0.85627055;0.90371525;34.861576;2.0547945;5.960425;6.2028317;6.2028317;114.0;85.0;67.0;28.0;35.0;26.0;8.1412735;8.1412735;12.5;1.7142857;4.0;1.0;3
92;4;121;8;354;77;68;39;72.22261;5.18;9.2;5.53826;10.934197;4.2;47.82608695652174;0.8369565;0.42391303;4.066031;0.73913044;7.08949;5.0130267;0.014783939;0.9331502;0.9541462;67.64097;1.3529412;7.08949;3.2660222;3.2660222;67.0;53.0;32.0;14.0;13.0;12.0;3.3041623;3.3041623;23.0;0.6666667;1.0;0.0;3
111;9;134;7;403;92;79;43;92.186935;0.89;4.8;3.1481092;7.908726;-1.3;42.34234234234234;0.8288288;0.3873874;4.0813794;0.7117117;7.498348;5.3021326;0.015333063;0.9277885;0.95163137;65.218544;1.4050633;7.498348;2.3703256;2.3703256;82.0;55.0;38.0;24.0;14.0;10.0;4.4716578;4.4716578;12.333333;1.5;2.0;1.0;3
55;5;70;5;209;39;45;27;87.99728;0.5;4.4;3.853091;8.841846;-1.8;40.0;0.7090909;0.4909091;3.6406794;0.8181818;6.0677986;4.2905817;0.012496059;0.9499241;0.962991;80.02523;1.2222222;6.0677986;0.75678736;0.75678736;39.0;23.0;10.0;8.0;2.0;6.0;2.7918375;2.7918375;11.0;1.25;6.0;0.0;3
111;12;132;4;387;101;78;41;96.84084;-0.28;3.6000001;1.5005406;6.0791497;-2.8;48.64864864864865;0.9099099;0.36936936;3.8915477;0.7027027;7.4034324;5.2350173;0.015907418;0.9250835;0.94974715;62.86375;1.4230769;7.4034324;3.1927152;3.1927152;93.0;61.0;36.0;27.0;6.0;15.0;5.175724;5.175724;9.25;2.0;16.0;0.0;3
106;6;166;20;516;85;81;53;56.41654;2.84;6.8;11.147926;13.5591;5.91;63.20754716981132;0.8018868;0.5;5.147815;0.7641509;7.8674154;5.5631027;0.012368682;0.9423194;0.96141523;80.84936;1.308642;7.8674154;4.2756786;4.2756786;58.0;66.0;51.0;26.0;15.0;11.0;5.3249393;5.3249393;17.666666;6.0;0.0;1.0;3
155;12;210;13;595;135;93;55;79.105225;0.89;4.8;4.48;8.447377;-1.3;47.096774193548384;0.87096775;0.3548387;4.4177065;0.6;7.4699397;5.282045;0.020082673;0.89871454;0.93400234;49.794167;1.6666666;7.4699397;3.5686486;3.5686486;124.0;80.0;55.0;33.0;11.0;19.0;5.158487;5.158487;12.916667;4.0;0.0;0.0;3
139;8;251;34;706;122;92;62;36.43247;2.84;6.8;12.361728;13.662884;10.62;59.71223021582733;0.8776978;0.44604316;5.2587714;0.6618705;7.803338;5.517793;0.016948737;0.9163669;0.9452851;59.001446;1.5108696;7.803338;7.45962;7.45962;74.0;76.0;70.0;64.0;36.0;19.0;6.0234723;6.0234723;17.375;8.0;0.0;1.0;3
100;6;179;26;514;78;61;41;38.484337;2.45;6.4;12.6472;15.02113;10.12;55.00000000000001;0.78;0.41;4.1;0.61;6.1;4.313351;0.023307517;0.8926649;0.9256512;42.904613;1.6393442;6.1;5.0454497;5.0454497;44.0;50.0;48.0;33.0;27.0;14.0;4.0912127;4.0912127;16.666666;6.0;1.0;5.0;3
119;4;186;18;586;75;94;71;44.406815;7.52;11.6;12.1603365;14.836746;11.91;47.05882352941176;0.6302521;0.5966387;6.508559;0.789916;8.616966;6.093115;0.01032524;0.9506544;0.9676494;96.850044;1.2659575;8.616966;4.016322;4.016322;56.0;49.0;36.0;27.0;19.0;9.0;4.1827235;4.1827235;29.75;1.3333334;4.0;1.0;3
72;4;96;8;291;60;56;38;75.765;3.23;7.2000003;6.3205547;10.934197;6.41;48.61111111111111;0.8333333;0.5277778;4.478343;0.7777778;6.5996633;4.6666665;0.013740633;0.9412359;0.9583247;72.776855;1.2857143;6.5996633;2.001691;2.001691;42.0;40.0;29.0;26.0;11.0;10.0;2.9878051;2.9878051;18.0;4.0;2.0;1.0;3
96;6;164;24;489;69;74;49;46.069996;2.45;6.4;12.30125;14.554592;10.12;54.166666666666664;0.71875;0.5104167;5.0010414;0.7708333;7.552593;5.34049;0.012493624;0.94297475;0.9613273;80.040825;1.2972972;7.552593;3.9235284;3.9235284;47.0;44.0;41.0;26.0;22.0;7.0;4.014061;4.014061;16.0;6.0;1.0;1.0;3
133;7;195;12;596;122;94;61;63.512405;3.62;7.6;8.991579;10.355216;6.91;52.63157894736842;0.91729325;0.45864663;5.289371;0.7067669;8.150834;5.7635098;0.014511682;0.9290328;0.95362383;68.909996;1.4148936;8.150834;6.247239;6.247239;91.0;70.0;58.0;38.0;31.0;16.0;6.3408737;6.3408737;19.0;7.0;0.0;0.0;3
214;11;319;26;922;178;114;75;60.979286;3.62;7.6;8.011963;10.65028;6.91;51.4018691588785;0.8317757;0.3504673;5.1268945;0.53271025;7.7928796;5.510398;0.021872062;0.88263506;0.92569184;45.720425;1.877193;7.7928796;7.668622;7.668622;137.0;115.0;74.0;68.0;38.0;26.0;8.416824;8.416824;19.454546;5.5;9.0;0.0;4
165;7;212;12;647;140;99;58;74.21182;5.18;9.2;6.00097;10.355216;4.2;49.696969696969695;0.8484849;0.35151514;4.515294;0.6;7.7071395;5.4497705;0.019593874;0.89995474;0.9353469;51.036358;1.6666666;7.7071395;7.5583744;7.5583744;112.0;87.0;59.0;42.0;20.0;13.0;5.5991564;5.5991564;23.571428;3.5;2.0;0.0;4
172;7;245;15;721;148;108;68;61.38919;5.57;9.6;7.6434894;11.208143;9.41;46.51162790697674;0.8604651;0.39534885;5.1849513;0.627907;8.234922;5.82297;0.017563066;0.90959424;0.942169;56.93767;1.5925926;8.234922;6.2324924;6.2324924;110.0;94.0;76.0;52.0;31.0;19.0;7.2062273;7.2062273;24.571428;7.0;5.0;3.0;4
221;13;315;18;958;190;136;88;68.99629;2.84;6.8;7.9476924;9.3871;5.91;51.58371040723983;0.8597285;0.39819005;5.9195204;0.61538464;9.14835;6.46886;0.016661124;0.9100605;0.9441039;60.019962;1.625;9.14835;6.0347543;6.0347543;126.0;127.0;93.0;55.0;32.0;24.0;5.271858;5.271858;17.0;1.8571428;6.0;1.0;4
153;4;234;21;694;116;111;72;38.623013;11.03;15.2;10.097517;15.774803;16.41;56.209150326797385;0.75816995;0.47058824;5.820855;0.7254902;8.973818;6.3454475;0.01268144;0.9362068;0.95919615;78.8554;1.3783784;8.973818;5.5507045;5.5507045;84.0;82.0;52.0;40.0;31.0;18.0;5.888014;5.888014;38.25;1.3333334;12.0;4.0;4
207;13;281;16;863;164;125;85;75.8296;2.06;6.0;6.855265;9.029199;4.91;49.275362318840585;0.79227054;0.41062802;5.9079084;0.6038647;8.688101;6.143415;0.017737078;0.90541315;0.9406379;56.379074;1.656;8.688101;5.4378653;5.4378653;125.0;121.0;75.0;38.0;28.0;25.0;8.315439;8.315439;15.923077;6.5;1.0;0.0;4
244;11;345;27;1047;186;137;87;64.7016;4.79;8.8;8.096558;10.793553;8.41;51.229508196721305;0.76229507;0.35655737;5.5696044;0.5614754;8.770526;6.201699;0.019100236;0.8950028;0.93491006;52.355377;1.781022;8.770526;10.115027;10.115027;134.0;144.0;91.0;60.0;51.0;28.0;10.275203;10.275203;22.181818;1.2222222;18.0;3.0;4
118;5;191;20;566;86;85;52;45.943707;5.18;9.2;11.149832;14.554592;8.91;58.47457627118644;0.7288136;0.44067797;4.786988;0.720339;7.8248844;5.5330286;0.014413074;0.9312398;0.9544071;69.381454;1.3882353;7.8248844;6.12478;6.12478;62.0;66.0;46.0;32.0;32.0;10.0;2.9598207;2.9598207;23.6;1.6666666;7.0;1.0;4
140;6;206;16;606;101;100;74;58.668816;5.18;9.2;8.383427;12.457975;8.91;49.28571428571429;0.7214286;0.5285714;6.2541413;0.71428573;8.451543;5.976143;0.013778648;0.9319109;0.95586264;72.576065;1.4;8.451543;2.259717;2.259717;76.0;63.0;56.0;32.0;22.0;20.0;3.7000265;3.7000265;23.333334;1.2;4.0;3.0;4
91;7;163;20;476;63;67;47;42.10374;1.28;5.2000003;12.679998;12.457975;8.62;56.043956043956044;0.6923077;0.51648355;4.9269385;0.73626375;7.0235085;4.9663706;0.015046643;0.9321267;0.9533441;66.46001;1.358209;7.0235085;2.7587242;2.7587242;44.0;38.0;34.0;20.0;15.0;7.0;4.852445;4.852445;13.0;3.5;1.0;0.0;4
132;6;189;18;566;109;82;48;63.373188;4.79;8.8;8.067274;13.023867;8.41;53.03030303030303;0.82575756;0.36363637;4.1778636;0.6212121;7.1371837;5.046751;0.01996844;0.90249807;0.9353046;50.07902;1.6097561;7.1371837;5.585735;5.585735;69.0;73.0;54.0;41.0;17.0;18.0;5.20602;5.20602;22.0;1.5;0.0;0.0;4
173;7;233;18;742;138;114;75;67.80896;5.57;9.6;8.221734;11.979248;9.41;55.49132947976878;0.7976879;0.433526;5.7021446;0.6589595;8.667259;6.128678;0.015705928;0.9190628;0.94852465;63.670223;1.5175439;8.667259;7.3278303;7.3278303;97.0;98.0;62.0;36.0;37.0;19.0;6.2846;6.2846;24.714285;1.75;5.0;4.0;4
179;11;267;22;820;143;121;84;64.12712;2.45;6.4;9.317318;10.04758;5.41;58.10055865921788;0.79888266;0.46927375;6.278455;0.67597765;9.043964;6.3950486;0.014552591;0.9245101;0.9523206;68.716286;1.4793389;9.043964;9.099632;9.099632;99.0;92.0;64.0;38.0;35.0;17.0;6.796114;6.796114;16.272728;2.75;5.0;1.0;4
507;21;675;48;2028;457;212;131;69.69687;5.57;9.6;6.4939647;10.355216;9.41;46.15384615384615;0.90138066;0.25838265;5.8179145;0.41814595;9.415251;6.6575875;0.02247556;0.86001074;0.91755104;44.492775;2.3915095;9.415251;21.27453;21.27453;383.0;318.0;193.0;123.0;72.0;52.0;23.444817;23.444817;24.142857;2.3333333;10.0;1.0;4
172;14;246;16;751;155;99;68;73.367325;0.89;4.8;7.464418;9.029199;3.41;48.837209302325576;0.9011628;0.39534885;5.1849513;0.5755814;7.5486794;5.3377223;0.020846922;0.8926906;0.93072045;47.96871;1.7373737;7.5486794;7.3454022;7.3454022;132.0;101.0;71.0;44.0;33.0;17.0;8.056845;8.056845;12.285714;1.4;13.0;0.0;4
137;9;215;22;650;112;90;66;58.61802;2.06;6.0;10.153284;11.602472;4.91;62.77372262773723;0.81751823;0.48175183;5.6387606;0.6569343;7.689219;5.437099;0.017357992;0.914599;0.94397205;57.610348;1.5222223;7.689219;4.277569;4.277569;85.0;90.0;56.0;37.0;21.0;17.0;5.378356;5.378356;15.222222;2.25;16.0;0.0;4
433;16;592;44;1721;409;204;123;63.700977;6.74;10.8;6.476858;10.04758;6.2;52.42494226327945;0.94457275;0.28406465;5.9110026;0.47113165;9.803615;6.9322023;0.020421682;0.8760253;0.9266084;48.967564;2.122549;9.803615;18.41771;18.41771;332.0;261.0;175.0;93.0;52.0;47.0;19.611868;19.611868;27.0625;2.0;5.0;0.0;4
119;8;176;11;526;91;87;58;66.61418;1.67;5.6;8.200671;9.120679;4.41;40.33613445378151;0.7647059;0.48739496;5.316851;0.73109245;7.975277;5.6393723;0.013713445;0.9344618;0.9566666;72.921135;1.3678161;7.975277;4.9798913;4.9798913;67.0;65.0;49.0;36.0;20.0;15.0;6.088612;6.088612;14.875;1.0;3.0;0.0;4
167;11;262;25;812;130;124;78;58.699703;2.06;6.0;10.840481;10.504224;4.91;52.69461077844312;0.7784431;0.46706587;6.0358214;0.74251497;9.595408;6.784978;0.011365727;0.9418303;0.9632952;87.98382;1.3467742;9.595408;4.824207;4.824207;94.0;89.0;73.0;45.0;30.0;25.0;6.5967736;6.5967736;15.181818;1.8333334;1.0;0.0;4
162;9;248;26;741;124;105;78;59.053886;3.23;7.2000003;9.451113;12.340627;6.41;47.53086419753087;0.7654321;0.4814815;6.1282587;0.6481481;8.249579;5.8333335;0.016753286;0.914766;0.9452381;59.68978;1.5428572;8.249579;7.9378257;7.9378257;96.0;92.0;79.0;57.0;35.0;21.0;7.9917684;7.9917684;18.0;2.25;0.0;0.0;4
157;11;263;27;771;139;92;55;50.62971;1.67;5.6;11.001784;10.793553;4.41;57.961783439490446;0.88535035;0.35031846;4.3894777;0.58598727;7.342399;5.19186;0.020905308;0.8942976;0.9310657;47.83474;1.7065217;7.342399;5.444479;5.444479;100.0;83.0;87.0;50.0;36.0;22.0;7.073897;7.073897;14.272727;2.2;0.0;0.0;4
102;8;168;24;487;83;73;46;54.55257;0.89;4.8;9.952549;11.979248;3.41;48.03921568627451;0.8137255;0.4509804;4.554679;0.71568626;7.228077;5.1110225;0.0156385;0.9276724;0.9509774;63.944748;1.3972603;7.228077;3.6719966;3.6719966;53.0;53.0;45.0;27.0;23.0;10.0;4.855459;4.855459;12.75;1.1428572;5.0;0.0;4
179;14;287;25;877;129;129;92;58.213924;0.89;4.8;10.69363;10.504224;3.41;53.63128491620112;0.7206704;0.5139665;6.876403;0.7206704;9.641912;6.817862;0.01217339;0.9368519;0.9603761;82.146385;1.3875968;9.641912;4.723247;4.723247;103.0;86.0;67.0;46.0;27.0;27.0;4.482349;4.482349;12.785714;2.3333333;1.0;0.0;4
133;8;215;22;631;104;96;60;53.201225;2.45;6.4;10.316391;11.602472;5.41;43.609022556390975;0.7819549;0.45112783;5.2026596;0.7218045;8.324256;5.8861375;0.013631358;0.9333379;0.95653653;73.36026;1.3854166;8.324256;7.2968616;7.2968616;79.0;70.0;55.0;32.0;22.0;20.0;5.0959;5.0959;16.625;1.1428572;5.0;0.0;4
154;10;256;33;747;132;96;65;50.570232;2.06;6.0;10.799741;13.506819;4.91;57.7922077922078;0.85714287;0.42207792;5.237849;0.6233766;7.7359004;5.4701076;0.01862782;0.9061726;0.93906146;53.683147;1.6041666;7.7359004;6.9202724;6.9202724;78.0;91.0;72.0;57.0;39.0;26.0;6.5305333;6.5305333;15.4;2.5;2.0;0.0;4
162;9;240;22;713;104;97;66;63.23167;3.23;7.2000003;8.434815;11.602472;6.41;49.382716049382715;0.6419753;0.4074074;5.1854496;0.59876543;7.62104;5.388889;0.019815043;0.89918905;0.9346806;50.46671;1.6701031;7.62104;6.525837;6.525837;83.0;65.0;49.0;28.0;16.0;18.0;6.586124;6.586124;18.0;0.6;0.0;0.0;4
179;10;258;26;757;139;106;69;66.729065;2.84;6.8;7.4131846;12.340627;5.91;53.072625698324025;0.7765363;0.38547486;5.157302;0.59217876;7.922812;5.602274;0.01947108;0.898996;0.93532085;51.358223;1.6886792;7.922812;6.8724866;6.8724866;108.0;104.0;74.0;38.0;21.0;23.0;6.3553915;6.3553915;17.9;0.5555556;1.0;0.0;4
165;9;231;13;720;139;107;70;69.78667;3.23;7.2000003;8.243637;9.6426325;6.41;44.84848484848485;0.8424242;0.42424244;5.4494925;0.6484848;8.329939;5.8901563;0.01661317;0.91517407;0.9456325;60.193207;1.5420561;8.329939;10.520603;10.520603;106.0;95.0;53.0;40.0;24.0;21.0;9.763502;9.763502;18.333334;1.5;15.0;0.0;4
169;8;281;34;863;108;114;86;44.726856;4.4;8.400001;12.8250885;13.662884;12.62;47.337278106508876;0.6390532;0.5088757;6.6153846;0.6745562;8.769231;6.200783;0.014960569;0.9232538;0.95116395;66.84238;1.4824561;8.769231;6.5370555;6.5370555;67.0;81.0;72.0;59.0;40.0;27.0;6.376765;6.376765;21.125;1.6;5.0;1.0;4
119;5;194;23;594;98;89;64;44.75867;5.18;9.2;12.306891;15.381576;8.91;62.18487394957983;0.8235294;0.53781515;5.8668704;0.7478992;8.158617;5.769013;0.0127183385;0.9392175;0.9599118;78.626625;1.3370787;8.158617;6.4538565;6.4538565;56.0;61.0;58.0;42.0;28.0;21.0;5.0632224;5.0632224;23.8;5.0;0.0;0.0;4
404;28;593;48;1758;330;230;154;68.012276;1.67;5.6;7.7352486;10.355216;4.41;53.46534653465347;0.8168317;0.38118812;7.6617866;0.5693069;11.442927;8.091372;0.015640832;0.9061329;0.9449946;63.935215;1.7565217;11.442927;16.745182;16.745182;255.0;246.0;144.0;131.0;67.0;63.0;16.898298;16.898298;14.428572;3.5;7.0;2.0;5
285;16;395;33;1210;225;164;113;71.502686;2.84;6.8;7.502456;9.120679;5.91;51.92982456140351;0.7894737;0.39649123;6.6935425;0.5754386;9.714521;6.869204;0.017296143;0.9022337;0.9406028;57.816357;1.7378049;9.714521;8.349018;8.349018;173.0;160.0;94.0;52.0;37.0;31.0;7.2948275;7.2948275;17.8125;4.0;4.0;3.0;5
186;11;242;18;753;144;117;76;79.60131;2.45;6.4;6.2539787;9.3871;5.41;50.53763440860215;0.7741935;0.40860215;5.5725904;0.62903225;8.578856;6.0661674;0.016975446;0.91129065;0.94382346;58.908615;1.5897436;8.578856;9.532147;9.532147;103.0;107.0;64.0;39.0;26.0;20.0;6.539491;6.539491;16.90909;2.75;3.0;0.0;5
476;24;666;46;2020;402;220;155;68.33526;3.62;7.6;7.6605043;10.203071;6.91;49.57983193277311;0.8445378;0.32563025;7.1044135;0.46218488;10.083683;7.130241;0.020303657;0.87481946;0.9264755;49.25221;2.1636364;10.083683;16.623684;16.623684;310.0;276.0;177.0;137.0;74.0;63.0;16.214384;16.214384;19.833334;3.0;7.0;2.0;5
435;26;655;53;1943;357;243;164;62.467064;2.45;6.4;8.694804;10.722255;5.41;50.57471264367817;0.8206897;0.3770115;7.8631983;0.5586207;11.650958;8.238472;0.015775869;0.90415615;0.9441575;63.387955;1.7901235;11.650958;13.44521;13.44521;274.0;233.0;184.0;125.0;59.0;47.0;17.615158;17.615158;16.73077;3.25;17.0;4.0;5
532;26;743;47;2244;455;255;183;67.91277;4.01;8.0;7.55549;10.279548;7.41;50.93984962406015;0.8552632;0.34398496;7.9340563;0.4793233;11.055652;7.8175263;0.018666241;0.88283867;0.93215895;53.57265;2.0862746;11.055652;20.746319;20.746319;366.0;295.0;228.0;180.0;73.0;63.0;19.552402;19.552402;20.461538;3.25;14.0;1.0;5
283;20;470;49;1444;255;148;98;51.97099;1.67;5.6;12.110673;10.4301;9.12;64.66431095406361;0.90106004;0.34628975;5.8254952;0.5229682;8.797687;6.220904;0.02033928;0.8851757;0.9295322;49.16595;1.9121622;8.797687;11.232146;11.232146;186.0;142.0;110.0;65.0;35.0;38.0;11.211688;11.211688;14.15;5.0;29.0;1.0;5
228;11;275;6;840;197;122;71;83.75734;4.01;8.0;4.4350877;6.742158;2.7;44.29824561403509;0.86403507;0.3114035;4.70209;0.5350877;8.079647;5.7131734;0.021213412;0.88482505;0.9276723;47.139988;1.8688525;8.079647;6.994769;6.994769;158.0;152.0;81.0;52.0;31.0;28.0;10.228059;10.228059;20.727272;5.5;24.0;0.0;5
231;15;289;10;930;193;133;80;85.362434;2.06;6.0;5.9506483;7.7935376;4.91;51.082251082251084;0.83549786;0.34632036;5.2636137;0.57575756;8.750757;6.18772;0.018638428;0.8985619;0.936868;53.65259;1.7368422;8.750757;12.187483;12.187483;156.0;171.0;100.0;77.0;50.0;28.0;12.41606;12.41606;15.4;15.0;29.0;1.0;5
226;14;347;30;1039;197;137;91;60.55531;2.45;6.4;9.398762;11.208143;5.41;49.557522123893804;0.8716814;0.40265486;6.05323;0.6061947;9.113105;6.443938;0.017035963;0.90765595;0.9426753;58.699352;1.6496351;9.113105;9.792767;9.792767;157.0;124.0;85.0;52.0;24.0;28.0;10.650116;10.650116;16.142857;3.5;25.0;0.0;5
263;12;413;41;1249;237;155;107;51.738636;4.4;8.400001;10.773842;12.573867;7.91;60.07604562737643;0.9011407;0.4068441;6.597903;0.5893536;9.55771;6.7583213;0.01702891;0.90511227;0.9419622;58.723667;1.6967742;9.55771;9.668061;9.668061;182.0;157.0;104.0;74.0;32.0;18.0;10.796876;10.796876;21.916666;12.0;24.0;0.0;5
253;18;334;19;1078;227;157;103;80.88323;1.67;5.6;7.1479836;7.6754317;4.41;55.33596837944664;0.8972332;0.40711462;6.4755545;0.6205534;9.870505;6.9795012;0.015583561;0.9137701;0.94729;64.17019;1.611465;9.870505;7.747614;7.747614;177.0;154.0;93.0;61.0;33.0;33.0;8.201139;8.201139;14.055555;4.5;32.0;0.0;5
201;11;328;35;983;164;120;85;50.234447;3.23;7.2000003;11.336516;11.855464;6.41;47.76119402985074;0.8159204;0.42288557;5.9954376;0.5970149;8.464148;5.985056;0.018339995;0.90273744;0.93866706;54.52564;1.675;8.464148;6.8126316;6.8126316;126.0;113.0;79.0;57.0;41.0;22.0;8.43854;8.43854;18.272728;1.375;0.0;2.0;5
227;13;320;19;999;170;143;100;69.85163;2.84;6.8;8.382028;9.558584;5.91;46.25550660792951;0.7488987;0.44052863;6.6372333;0.62995595;9.491243;6.7113223;0.015701804;0.9148185;0.9473512;63.68695;1.5874126;9.491243;10.27779;10.27779;137.0;128.0;95.0;68.0;60.0;34.0;14.086814;14.086814;17.461538;2.1666667;5.0;0.0;5
192;9;284;27;903;139;126;94;60.04417;4.4;8.400001;10.466875;12.5161;7.91;44.27083333333333;0.7239583;0.48958334;6.7838655;0.65625;9.0932665;6.4299107;0.015238578;0.91988325;0.9496832;65.62292;1.5238096;9.0932665;5.294686;5.294686;101.0;94.0;77.0;52.0;35.0;21.0;5.150486;5.150486;21.333334;2.25;2.0;0.0;5
267;21;402;44;1193;216;156;108;66.55472;0.89;4.8;8.14472;10.04758;3.41;50.56179775280899;0.80898875;0.40449437;6.609493;0.58426964;9.547045;6.75078;0.017214552;0.903818;0.9412217;58.09039;1.7115384;9.547045;11.700296;11.700296;175.0;146.0;96.0;78.0;56.0;23.0;13.337146;13.337146;12.714286;3.0;3.0;0.0;5
184;10;266;24;808;157;115;73;65.85683;3.23;7.2000003;8.412175;11.979248;6.41;50.0;0.8532609;0.39673913;5.3816314;0.625;8.477913;5.9947896;0.017282369;0.90987355;0.9428107;57.862434;1.6;8.477913;8.40338;8.40338;116.0;91.0;70.0;54.0;32.0;24.0;9.953836;9.953836;18.4;2.0;20.0;1.0;5
214;13;289;20;878;187;141;93;75.87701;2.45;6.4;6.5263543;9.725611;5.41;47.19626168224299;0.87383175;0.43457943;6.357349;0.6588785;9.638561;6.815492;0.014489842;0.9222479;0.95182294;69.01387;1.5177305;9.638561;11.410479;11.410479;137.0;133.0;86.0;55.0;42.0;29.0;11.008957;11.008957;16.461538;2.1666667;23.0;0.0;5
263;13;421;36;1277;234;157;106;50.876434;4.01;8.0;11.287298;11.979248;7.41;61.97718631178707;0.88973385;0.40304184;6.53624;0.59695816;9.681035;6.8455253;0.01661599;0.9074131;0.9434402;60.18299;1.6751592;9.681035;11.845188;11.845188;173.0;143.0;108.0;68.0;53.0;28.0;9.214646;9.214646;20.23077;4.3333335;22.0;0.0;5
298;15;449;41;1374;280;149;91;59.202553;3.62;7.6;9.821208;12.573867;6.91;59.73154362416108;0.9395973;0.30536914;5.2714887;0.5;8.631338;6.1032777;0.021355944;0.8783332;0.9254411;46.82537;2.0;8.631338;14.581955;14.581955;190.0;183.0;124.0;105.0;71.0;44.0;13.942312;13.942312;19.866667;3.0;26.0;0.0;5
285;17;437;46;1269;269;143;91;60.098827;2.45;6.4;8.615859;10.203071;5.41;52.63157894736842;0.94385964;0.31929824;5.3903747;0.5017544;8.470589;5.9896107;0.021584691;0.87799275;0.9248789;46.329132;1.993007;8.470589;11.082322;11.082322;183.0;172.0;117.0;87.0;50.0;37.0;16.18769;16.18769;16.764706;3.4;28.0;0.0;5
227;22;299;20;943;185;142;93;84.928566;0.11;4.0;5.7578845;7.7935376;2.41;46.69603524229075;0.81497794;0.40969163;6.172627;0.6255507;9.424871;6.66439;0.015940253;0.9135249;0.94651437;62.73426;1.5985916;9.424871;5.716754;5.716754;149.0;122.0;67.0;52.0;26.0;30.0;6.775704;6.775704;10.318182;22.0;8.0;0.0;5
272;10;431;43;1329;234;172;123;45.17332;6.74;10.8;11.841618;14.975303;10.91;50.73529411764706;0.8602941;0.4522059;7.4579706;0.63235295;10.429032;7.3744392;0.014584164;0.91824406;0.950521;68.56753;1.5813954;10.429032;11.766963;11.766963;158.0;156.0;99.0;78.0;55.0;35.0;11.686836;11.686836;27.2;1.6666666;9.0;0.0;5
289;14;491;58;1509;244;176;135;42.15032;4.01;8.0;13.468235;14.362554;12.12;62.28373702422145;0.8442907;0.46712804;7.9411764;0.6089965;10.3529415;7.320635;0.01544589;0.912477;0.94719553;64.74214;1.6420455;10.3529415;13.761721;13.761721;156.0;156.0;139.0;93.0;63.0;47.0;13.679525;13.679525;20.642857;2.0;3.0;0.0;5
241;11;385;38;1166;212;140;100;49.4479;4.4;8.400001;11.297428;12.221764;7.91;58.50622406639005;0.87966806;0.41493776;6.4415665;0.5809129;9.018193;6.3768253;0.018055199;0.9009709;0.9387288;55.385708;1.7214285;9.018193;13.150023;13.150023;146.0;150.0;118.0;94.0;69.0;40.0;12.995488;12.995488;21.90909;3.6666667;5.0;1.0;5
251;15;427;52;1247;216;137;90;45.92955;2.45;6.4;11.643667;13.765655;5.41;56.97211155378486;0.8605578;0.35856575;5.6807494;0.5458167;8.647364;6.1146092;0.019831626;0.8904213;0.9321031;50.42451;1.8321168;8.647364;14.762643;14.762643;143.0;148.0;101.0;79.0;61.0;28.0;10.060516;10.060516;16.733334;2.5;1.0;1.0;5
252;12;405;45;1211;209;149;100;49.555717;4.4;8.400001;11.047142;13.023867;7.91;57.53968253968254;0.8293651;0.3968254;6.299408;0.59126985;9.386118;6.6369877;0.017186914;0.9049662;0.9416066;58.183804;1.6912751;9.386118;10.472644;10.472644;156.0;133.0;99.0;66.0;39.0;24.0;10.749539;10.749539;21.0;2.4;7.0;2.0;5
323;17;473;41;1456;260;173;121;63.66208;3.62;7.6;9.147615;9.807559;6.91;55.10835913312694;0.8049536;0.37461302;6.7326202;0.5356037;9.6259775;6.806594;0.018703926;0.8919352;0.9347994;53.46471;1.8670521;9.6259775;11.508575;11.508575;188.0;184.0;148.0;95.0;62.0;51.0;15.8256445;15.8256445;19.0;5.6666665;3.0;0.0;5
318;12;483;42;1449;253;156;105;51.44127;6.35;10.400001;9.875851;12.688353;10.41;42.138364779874216;0.7955975;0.3301887;5.888108;0.49056605;8.748046;6.1858025;0.02145087;0.876399;0.9246649;46.618156;2.0384614;8.748046;12.272481;12.272481;206.0;177.0;130.0;100.0;65.0;48.0;12.6860075;12.6860075;26.5;3.0;2.0;2.0;5
418;28;620;45;1882;317;248;182;66.19924;1.67;5.6;8.691292;10.125756;4.41;52.15311004784689;0.7583732;0.43540668;8.901911;0.5933014;12.130076;8.577259;0.014331462;0.91350275;0.94967395;69.77655;1.6854838;12.130076;26.583757;26.583757;232.0;207.0;168.0;113.0;87.0;63.0;14.963479;14.963479;14.928572;4.6666665;8.0;1.0;5
295;12;463;52;1402;206;176;134;49.103935;5.57;9.6;10.940882;13.765655;9.41;50.50847457627119;0.6983051;0.45423728;7.8017817;0.5966102;10.247116;7.2458053;0.015969833;0.9091799;0.945223;62.618065;1.6761364;10.247116;10.3030205;10.3030205;151.0;149.0;109.0;77.0;56.0;35.0;11.630012;11.630012;24.583334;2.4;3.0;1.0;5
470;24;673;52;2082;385;233;172;65.81792;3.62;7.6;8.73566;10.65028;6.91;51.91489361702127;0.81914896;0.36595744;7.9337683;0.49574468;10.747489;7.5996222;0.01853582;0.885954;0.93335325;53.949593;2.0171673;10.747489;17.80552;17.80552;302.0;241.0;194.0;135.0;98.0;66.0;17.288176;17.288176;19.583334;8.0;17.0;4.0;6
345;10;549;57;1661;300;182;117;37.193157;9.47;13.6;11.651247;16.768095;14.41;56.231884057971016;0.8695652;0.33913043;6.2990685;0.5275362;9.798551;6.928622;0.018728951;0.8905565;0.9343419;53.393272;1.8956044;9.798551;16.821215;16.821215;197.0;224.0;150.0;124.0;89.0;43.0;16.706573;16.706573;34.5;2.5;3.0;1.0;6
407;24;594;44;1725;361;215;150;66.15202;2.45;6.4;7.3759227;10.04758;5.41;51.35135135135135;0.8869779;0.36855036;7.435224;0.5282555;10.657154;7.535746;0.017675124;0.89379346;0.93738633;56.576687;1.8930233;10.657154;13.308577;13.308577;266.0;231.0;160.0;103.0;64.0;42.0;17.787125;17.787125;16.958334;6.0;18.0;1.0;6
316;15;549;67;1621;261;182;133;38.47322;4.4;8.400001;12.957848;15.202698;12.62;60.12658227848101;0.8259494;0.42088607;7.4818344;0.5759494;10.2383;7.239571;0.016654372;0.9041417;0.9424241;60.044292;1.7362638;10.2383;16.651339;16.651339;166.0;164.0;156.0;116.0;71.0;49.0;12.282171;12.282171;21.066668;3.75;7.0;2.0;6
295;17;444;42;1357;261;156;101;61.891594;2.84;6.8;9.542237;9.888513;5.91;57.28813559322033;0.8847458;0.3423729;5.8804474;0.52881354;9.082671;6.4224186;0.019699631;0.88796866;0.93164176;50.76237;1.8910257;9.082671;11.93347;11.93347;192.0;166.0;113.0;78.0;47.0;31.0;13.042736;13.042736;17.352942;3.4;7.0;0.0;6
359;17;537;49;1642;321;209;138;58.854073;4.4;8.400001;9.6923685;10.4301;7.91;56.54596100278552;0.89415044;0.3844011;7.2833614;0.5821727;11.030598;7.799811;0.015629405;0.9080472;0.9455687;63.98196;1.7177033;11.030598;12.636536;12.636536;222.0;211.0;170.0;118.0;73.0;53.0;13.037681;13.037681;21.117647;3.4;2.0;0.0;6
387;15;641;70;1927;327;214;160;40.522423;5.96;10.0;12.3311615;15.470042;9.91;58.91472868217055;0.8449612;0.41343668;8.133257;0.5529716;10.878231;7.692071;0.016687367;0.90056956;0.94132257;59.92557;1.8084112;10.878231;13.56104;13.56104;246.0;213.0;140.0;107.0;58.0;42.0;20.34318;20.34318;25.8;3.0;4.0;0.0;6
302;13;504;61;1517;243;177;130;42.069016;5.18;9.2;12.462118;14.649411;13.62;58.609271523178805;0.80463576;0.43046358;7.4806595;0.5860927;10.185205;7.202028;0.016384361;0.9064383;0.94361895;61.033806;1.7062147;10.185205;25.289896;25.289896;169.0;157.0;133.0;99.0;59.0;31.0;11.371363;11.371363;23.23077;2.6;7.0;3.0;6
347;15;524;47;1580;297;197;129;55.601357;5.18;9.2;9.693949;13.24136;8.91;55.04322766570605;0.8559078;0.37175792;6.9250827;0.56772333;10.575514;7.478018;0.016546184;0.903216;0.9423699;60.436897;1.7614213;10.575514;11.8339405;11.8339405;222.0;199.0;164.0;100.0;82.0;34.0;15.531106;15.531106;23.133333;5.0;7.0;1.0;6
343;16;501;39;1536;281;192;137;61.505676;4.4;8.400001;9.150671;9.6426325;7.91;53.64431486880466;0.819242;0.39941692;7.3973045;0.55976677;10.367025;7.330594;0.017026128;0.90060604;0.94066495;58.733257;1.7864584;10.367025;13.538469;13.538469;226.0;209.0;136.0;100.0;86.0;32.0;16.612305;16.612305;21.4375;5.3333335;6.0;4.0;6
324;15;504;47;1567;272;193;134;53.310997;4.4;8.400001;11.267777;13.24136;7.91;57.098765432098766;0.83950615;0.41358024;7.4444447;0.595679;10.722222;7.581756;0.01550269;0.9103829;0.9464872;64.50494;1.6787565;10.722222;13.164656;13.164656;191.0;188.0;128.0;107.0;62.0;52.0;15.737822;15.737822;21.6;2.142857;2.0;1.0;6
